,,,,,,,,
Online,Primary,,,Secondary,,,,
Tuition Partner,Literacy,Numeracy,Science,Maths,English ,Science,MF Languages,Humanities
3D Recruit,ALL,ALL,ALL,ALL,ALL,ALL,ALL,ALL
Action Tutoring,"SW, SE, L, EM, WM, YH, NW, NE","SW, SE, L, EM, WM, YH, NW, NE",,"SW, SE, L, EM, WM, YH, NW, NE","SW, SE, L, EM, WM, YH, NW, NE",,,
Appla Tuition,ALL,ALL,ALL,ALL,ALL,ALL,,ALL
Assess Education Limited,NW,NW,NW,NW,NW,NW,,NW
Bright Heart Education,L,L,L,L,L,L,L,L
BYT Centres,ALL,ALL,ALL,ALL,ALL,ALL,ALL,ALL
Career Tree,ALL,ALL,ALL,ALL,ALL,ALL,,
"CER, Monarch Education & Sugarman Education",ALL,ALL,ALL,ALL,ALL,ALL,,
CoachBright,"SW, SE, L, E, WM","SW, SE, L, E, WM",,"SW, SE, L, E, WM","SW, SE, L, E, WM","SW, SE, L, E, WM",,
Conexus Tuition,ALL,ALL,ALL,ALL,ALL,ALL,ALL,ALL
Connex Education Partnership,ALL,ALL,ALL,ALL,ALL,ALL,ALL,ALL
EM Tuition,ALL,ALL,ALL,ALL,ALL,ALL,ALL,ALL
Engage Partners,"SE, L, E, YH","SE, L, E, YH","SE, L, E, YH","SE, L, E, YH","SE, L, E, YH","SE, L, E, YH","SE, L, E, YH","SE, L, E, YH"
Equal Education,"SW, SE, L, E, YH","SW, SE, L, E, YH","SW, SE, L, E, YH","SW, SE, L, E, YH","SW, SE, L, E, YH","SW, SE, L, E, YH","SW, SE, L, E, YH","SW, SE, L, E, YH"
Equal Education Partners Ltd,ALL,ALL,ALL,ALL,ALL,ALL,ALL,ALL
Fledge Tuition,ALL,ALL,ALL,ALL,ALL,ALL,ALL,ALL
Fleet Education Services,ALL,ALL,ALL,ALL,ALL,ALL,ALL,ALL
GSL Education,ALL,ALL,ALL,ALL,ALL,ALL,ALL,ALL
Learning Academies,E,,,,,,,
Learning Hive,"SE, L, YH, NW","SE, L, YH, NW",,"SE, L, YH, NW","SE, L, YH, NW",,,
Manning’s Tutors,SW,,,ALL,"SE, L, E, EM, WM, YH, NW, NE",ALL,ALL,ALL
MyTutor,,,,ALL,ALL,ALL,ALL,ALL
Nudge Education Limited,ALL,ALL,ALL,ALL,ALL,ALL,ALL,ALL
Pearson Education,ALL,ALL,ALL,ALL,ALL,ALL,ALL,ALL
PET-Xi Training,ALL,ALL,,ALL,ALL,ALL,,
Prospero Teaching,ALL,ALL,ALL,ALL,ALL,ALL,ALL,ALL
Protocol Education,ALL,ALL,ALL,ALL,ALL,ALL,ALL,ALL
Purple Ruler (ADM computing),ALL,ALL,ALL,ALL,ALL,ALL,ALL,ALL
Randstad Tuition Services,ALL,ALL,ALL,ALL,ALL,ALL,ALL,ALL
Reed Tutors,ALL,ALL,ALL,ALL,ALL,ALL,ALL,ALL
Schools Partnerships Tutors,ALL,ALL,ALL,ALL,ALL,ALL,ALL,ALL
Seven Springs Education,ALL,ALL,ALL,ALL,ALL,ALL,ALL,ALL
Simply Learning Tuition,ALL,ALL,ALL,ALL,ALL,ALL,ALL,ALL
Step Teachers,ALL,ALL,ALL,ALL,ALL,ALL,ALL,ALL
Talent-Ed Education,ALL,ALL,,ALL,ALL,ALL,,
Targeted Provision,ALL,ALL,ALL,ALL,ALL,ALL,ALL,ALL
Teaching Personnel,ALL,ALL,ALL,ALL,ALL,ALL,ALL,ALL
Tempest Resourcing,ALL,ALL,ALL,ALL,ALL,ALL,ALL,ALL
The Brilliant Club,,,,ALL,ALL,ALL,,
The St Albans Tuition Centre,ALL,ALL,ALL,ALL,ALL,ALL,,
Third Space Learning,,ALL,,ALL,,,,
TLC Live,ALL,ALL,ALL,ALL,ALL,ALL,,ALL
Toranj Tuition,ALL,ALL,ALL,ALL,ALL,ALL,ALL,ALL
Tute Education,ALL,ALL,ALL,ALL,ALL,ALL,ALL,ALL
Tutor Doctor Beeston Park,"EM, YH","EM, YH","EM, YH","EM, YH","EM, YH","EM, YH",,
Tutor Doctor Bristol,SW,SW,SW,SW,SW,SW,,
Tutor Doctor Cambridge,ALL,ALL,ALL,ALL,ALL,ALL,ALL,ALL
Tutor In a Box Limited,ALL,ALL,,ALL,ALL,ALL,,
Tutors Green,ALL,ALL,,ALL,ALL,ALL,,
Tutors Trust,"YH, NW","YH, NW",,"YH, NW","YH, NW","YH, NW",,
White Rose Maths,,ALL,,ALL,,,,
